{"demandSupply": {"dmiContribution": 0.07333333333333333, "smiContribution": 0.05333333333333334, "anchors": {"momentum": 0.4, "competitiveStructure": -0.3, "moat": 0.8}}}