{"demandSupply": {"dmiContribution": 0.039999999999999994, "smiContribution": 0.05333333333333334, "anchors": {"momentum": 0.4, "competitiveStructure": -0.3, "moat": 0.8}}}
